
INSERT INTO REGIONS (REGION_ID, REGION_NAME, REGION_DESCRIPTION) VALUES (1, 'عسير', 'سياحية جنوب السعودية');
INSERT INTO REGIONS (REGION_ID, REGION_NAME, REGION_DESCRIPTION) VALUES (2, 'جازان', 'منطقة ساحلية وجزر طبيعية');
INSERT INTO REGIONS (REGION_ID, REGION_NAME, REGION_DESCRIPTION) VALUES (3, 'نجران', 'منطقة تاريخية جنوب المملكة');
INSERT INTO REGIONS (REGION_ID, REGION_NAME, REGION_DESCRIPTION) VALUES (4, 'الباحة', 'منطقة غنية بالغابات والطبيعة');

INSERT INTO PROVINCES (PROVINCE_ID, REGION_ID, PROVINCE_NAME) VALUES (1,1,'أبها');
INSERT INTO PROVINCES (PROVINCE_ID, REGION_ID, PROVINCE_NAME) VALUES (2,1,'خميس مشيط');
INSERT INTO PROVINCES (PROVINCE_ID, REGION_ID, PROVINCE_NAME) VALUES (3,1,'رجال ألمع');
INSERT INTO PROVINCES (PROVINCE_ID, REGION_ID, PROVINCE_NAME) VALUES (4,1,'محايل عسير');
INSERT INTO PROVINCES (PROVINCE_ID, REGION_ID, PROVINCE_NAME) VALUES (5,1,'النماص');
INSERT INTO PROVINCES (PROVINCE_ID, REGION_ID, PROVINCE_NAME) VALUES (6,1,'تنومة');
INSERT INTO PROVINCES (PROVINCE_ID, REGION_ID, PROVINCE_NAME) VALUES (7,1,'بللسمر');

INSERT INTO PROVINCES (PROVINCE_ID, REGION_ID, PROVINCE_NAME) VALUES (8,2,'جازان');
INSERT INTO PROVINCES (PROVINCE_ID, REGION_ID, PROVINCE_NAME) VALUES (9,2,'صبيا');
INSERT INTO PROVINCES (PROVINCE_ID, REGION_ID, PROVINCE_NAME) VALUES (10,2,'أبو عريش');
INSERT INTO PROVINCES (PROVINCE_ID, REGION_ID, PROVINCE_NAME) VALUES (11,2,'صامطة');
INSERT INTO PROVINCES (PROVINCE_ID, REGION_ID, PROVINCE_NAME) VALUES (12,2,'فيفا');
INSERT INTO PROVINCES (PROVINCE_ID, REGION_ID, PROVINCE_NAME) VALUES (13,2,'فرسان');

INSERT INTO PROVINCES (PROVINCE_ID, REGION_ID, PROVINCE_NAME) VALUES (14,3,'نجران');
INSERT INTO PROVINCES (PROVINCE_ID, REGION_ID, PROVINCE_NAME) VALUES (15,3,'حبونا');
INSERT INTO PROVINCES (PROVINCE_ID, REGION_ID, PROVINCE_NAME) VALUES (16,3,'شرورة');

INSERT INTO PROVINCES (PROVINCE_ID, REGION_ID, PROVINCE_NAME) VALUES (17,4,'الباحة');
INSERT INTO PROVINCES (PROVINCE_ID, REGION_ID, PROVINCE_NAME) VALUES (18,4,'بلجرشي');
INSERT INTO PROVINCES (PROVINCE_ID, REGION_ID, PROVINCE_NAME) VALUES (19,4,'المخواة');
INSERT INTO PROVINCES (PROVINCE_ID, REGION_ID, PROVINCE_NAME) VALUES (20,4,'قرية ذي عين');

INSERT INTO PLACE_TYPES (TYPE_ID, TYPE_NAME) VALUES (1,'مدينة');
INSERT INTO PLACE_TYPES (TYPE_ID, TYPE_NAME) VALUES (2,'محافظة');
INSERT INTO PLACE_TYPES (TYPE_ID, TYPE_NAME) VALUES (3,'موقع تراثي');
INSERT INTO PLACE_TYPES (TYPE_ID, TYPE_NAME) VALUES (4,'منتزه');
INSERT INTO PLACE_TYPES (TYPE_ID, TYPE_NAME) VALUES (5,'جبل');
INSERT INTO PLACE_TYPES (TYPE_ID, TYPE_NAME) VALUES (6,'موقع أثري');
INSERT INTO PLACE_TYPES (TYPE_ID, TYPE_NAME) VALUES (7,'غابة');
INSERT INTO PLACE_TYPES (TYPE_ID, TYPE_NAME) VALUES (8,'جزيرة');
INSERT INTO PLACE_TYPES (TYPE_ID, TYPE_NAME) VALUES (9,'موقع سياحي');
INSERT INTO PLACE_TYPES (TYPE_ID, TYPE_NAME) VALUES (10,'مطعم');
INSERT INTO PLACE_TYPES (TYPE_ID, TYPE_NAME) VALUES (11,'كافيه');
INSERT INTO PLACE_TYPES (TYPE_ID, TYPE_NAME) VALUES (12,'شاطئ');
INSERT INTO PLACE_TYPES (TYPE_ID, TYPE_NAME) VALUES (13,'وادي');
INSERT INTO PLACE_TYPES (TYPE_ID, TYPE_NAME) VALUES (14,'متحف');
INSERT INTO PLACE_TYPES (TYPE_ID, TYPE_NAME) VALUES (15,'سوق شعبي');
INSERT INTO PLACE_TYPES (TYPE_ID, TYPE_NAME) VALUES (16,'فعالية');

INSERT INTO PLACES (PLACE_ID, PLACE_NAME, DESCRIPTION, TYPE_ID, PROVINCE_ID) VALUES (1, 'أبها', 'مدينة سياحية جميلة ذات أجواء معتدلة', 1, 1);
INSERT INTO PLACES (PLACE_ID, PLACE_NAME, DESCRIPTION, TYPE_ID, PROVINCE_ID) VALUES (2, 'منتزه السودة', 'من أشهر منتزهات أبها وإطلالات جبلية رائعة', 4, 1);
INSERT INTO PLACES (PLACE_ID, PLACE_NAME, DESCRIPTION, TYPE_ID, PROVINCE_ID) VALUES (3, 'ممشى الضباب', 'ممشى مشهور بإطلالاته الساحرة والضباب', 9, 1);
INSERT INTO PLACES (PLACE_ID, PLACE_NAME, DESCRIPTION, TYPE_ID, PROVINCE_ID) VALUES (4, 'قرية المفتاحة', 'مركز ثقافي وفني وتراثي في أبها', 3, 1);
INSERT INTO PLACES (PLACE_ID, PLACE_NAME, DESCRIPTION, TYPE_ID, PROVINCE_ID) VALUES (5, 'تلفريك أبها', 'متعة لمشاهدة المدينة من الأعلى', 9, 1);
INSERT INTO PLACES (PLACE_ID, PLACE_NAME, DESCRIPTION, TYPE_ID, PROVINCE_ID) VALUES (6, 'حديقة أبو خيال', 'حديقة جميلة مناسبة للعائلات', 4, 1);
INSERT INTO PLACES (PLACE_ID, PLACE_NAME, DESCRIPTION, TYPE_ID, PROVINCE_ID) VALUES (7, 'Fog Cafe', 'كافيه بإطلالة رائعة وأجواء جميلة', 11, 1);
INSERT INTO PLACES (PLACE_ID, PLACE_NAME, DESCRIPTION, TYPE_ID, PROVINCE_ID) VALUES (8, 'Glass Garden Cafe', 'كافيه عصري وجلسات مميزة', 11, 1);
INSERT INTO PLACES (PLACE_ID, PLACE_NAME, DESCRIPTION, TYPE_ID, PROVINCE_ID) VALUES (9, 'مطعم القرية', 'يقدم أكلات شعبية محلية', 10, 1);
INSERT INTO PLACES (PLACE_ID, PLACE_NAME, DESCRIPTION, TYPE_ID, PROVINCE_ID) VALUES (10, 'مهرجان أبها الصيفي', 'فعالية سنوية تجذب الزوار', 16, 1);
INSERT INTO PLACES (PLACE_ID, PLACE_NAME, DESCRIPTION, TYPE_ID, PROVINCE_ID) VALUES (11, 'مزرعة ركايب', 'وجهة ريفية جميلة وجلسات مميزة', 9, 1);
INSERT INTO PLACES (PLACE_ID, PLACE_NAME, DESCRIPTION, TYPE_ID, PROVINCE_ID) VALUES (12, 'قصور أبو سراح', 'موقع تراثي بطابع معماري مميز', 3, 1);
INSERT INTO PLACES (PLACE_ID, PLACE_NAME, DESCRIPTION, TYPE_ID, PROVINCE_ID) VALUES (13, 'سكاي فيلج', 'إطلالات رائعة وتجربة سياحية مميزة', 9, 1);
INSERT INTO PLACES (PLACE_ID, PLACE_NAME, DESCRIPTION, TYPE_ID, PROVINCE_ID) VALUES (14, 'مدماك', 'فعالية وتجربة ترفيهية مميزة', 16, 1);
INSERT INTO PLACES (PLACE_ID, PLACE_NAME, DESCRIPTION, TYPE_ID, PROVINCE_ID) VALUES (15, 'خميس مشيط', 'مدينة حيوية تجمع بين التسوق والترفيه', 1, 2);
INSERT INTO PLACES (PLACE_ID, PLACE_NAME, DESCRIPTION, TYPE_ID, PROVINCE_ID) VALUES (16, 'قصر بن حسان', 'معلم تراثي يعكس تاريخ المنطقة', 3, 2);
INSERT INTO PLACES (PLACE_ID, PLACE_NAME, DESCRIPTION, TYPE_ID, PROVINCE_ID) VALUES (17, 'الراشد مول', 'وجهة تسوق وترفيه مشهورة', 9, 2);
INSERT INTO PLACES (PLACE_ID, PLACE_NAME, DESCRIPTION, TYPE_ID, PROVINCE_ID) VALUES (18, 'البوليفارد', 'منطقة حديثة للمطاعم والأنشطة', 9, 2);
INSERT INTO PLACES (PLACE_ID, PLACE_NAME, DESCRIPTION, TYPE_ID, PROVINCE_ID) VALUES (19, 'حديقة البلدية', 'حديقة مناسبة للعائلات والتنزه', 4, 2);
INSERT INTO PLACES (PLACE_ID, PLACE_NAME, DESCRIPTION, TYPE_ID, PROVINCE_ID) VALUES (20, 'ممشى خميس', 'ممشى رياضي وترفيهي شهير', 9, 2);
INSERT INTO PLACES (PLACE_ID, PLACE_NAME, DESCRIPTION, TYPE_ID, PROVINCE_ID) VALUES (21, 'Craving Club', 'مطعم مشهور بتجربة مميزة', 10, 2);
INSERT INTO PLACES (PLACE_ID, PLACE_NAME, DESCRIPTION, TYPE_ID, PROVINCE_ID) VALUES (22, 'Maharani Restaurant', 'مطعم هندي معروف', 10, 2);
INSERT INTO PLACES (PLACE_ID, PLACE_NAME, DESCRIPTION, TYPE_ID, PROVINCE_ID) VALUES (23, 'V60 Cafe', 'كافيه عصري وجلسات جميلة', 11, 2);
INSERT INTO PLACES (PLACE_ID, PLACE_NAME, DESCRIPTION, TYPE_ID, PROVINCE_ID) VALUES (24, 'Route Cafe', 'كافيه هادي ومميز', 11, 2);
INSERT INTO PLACES (PLACE_ID, PLACE_NAME, DESCRIPTION, TYPE_ID, PROVINCE_ID) VALUES (25, 'موسم خميس مشيط', 'فعاليات موسمية متنوعة', 16, 2);
INSERT INTO PLACES (PLACE_ID, PLACE_NAME, DESCRIPTION, TYPE_ID, PROVINCE_ID) VALUES (26, 'مهرجان التسوق', 'فعالية تجارية وترفيهية سنوية', 16, 2);
INSERT INTO PLACES (PLACE_ID, PLACE_NAME, DESCRIPTION, TYPE_ID, PROVINCE_ID) VALUES (27, 'رجال ألمع', 'محافظة تاريخية تشتهر بالتراث والطبيعة', 2, 3);
INSERT INTO PLACES (PLACE_ID, PLACE_NAME, DESCRIPTION, TYPE_ID, PROVINCE_ID) VALUES (28, 'مرتفعات جبال حسوة', 'مرتفعات جميلة بإطلالات طبيعية ساحرة', 5, 3);
INSERT INTO PLACES (PLACE_ID, PLACE_NAME, DESCRIPTION, TYPE_ID, PROVINCE_ID) VALUES (29, 'القرية التراثية', 'أشهر معالم رجال ألمع التاريخية', 3, 3);
INSERT INTO PLACES (PLACE_ID, PLACE_NAME, DESCRIPTION, TYPE_ID, PROVINCE_ID) VALUES (30, 'كوخ العسل', 'وجهة ريفية جميلة ومنتجات طبيعية', 9, 3);
INSERT INTO PLACES (PLACE_ID, PLACE_NAME, DESCRIPTION, TYPE_ID, PROVINCE_ID) VALUES (31, 'وادي رجب', 'وادي طبيعي يتميز بالهدوء والمناظر الخلابة', 13, 3);
INSERT INTO PLACES (PLACE_ID, PLACE_NAME, DESCRIPTION, TYPE_ID, PROVINCE_ID) VALUES (32, 'وادي محلية', 'وادي جميل مناسب للاستكشاف والتنزه', 13, 3);
INSERT INTO PLACES (PLACE_ID, PLACE_NAME, DESCRIPTION, TYPE_ID, PROVINCE_ID) VALUES (33, 'جبال السروات', 'سلسلة جبلية رائعة وأجواء معتدلة', 5, 3);
INSERT INTO PLACES (PLACE_ID, PLACE_NAME, DESCRIPTION, TYPE_ID, PROVINCE_ID) VALUES (34, 'محايل عسير', 'محافظة تجمع بين الطبيعة والأسواق الشعبية', 2, 4);
INSERT INTO PLACES (PLACE_ID, PLACE_NAME, DESCRIPTION, TYPE_ID, PROVINCE_ID) VALUES (35, 'حدائق ومطل', 'حديقة ومطل بإطلالة جميلة مناسبة للعائلات', 4, 4);
INSERT INTO PLACES (PLACE_ID, PLACE_NAME, DESCRIPTION, TYPE_ID, PROVINCE_ID) VALUES (36, 'السوق الشعبي', 'سوق تقليدي يعكس تراث المنطقة', 15, 4);
INSERT INTO PLACES (PLACE_ID, PLACE_NAME, DESCRIPTION, TYPE_ID, PROVINCE_ID) VALUES (37, 'مطل جبل المقصرة', 'إطلالة جبلية رائعة ومناظر طبيعية', 9, 4);
INSERT INTO PLACES (PLACE_ID, PLACE_NAME, DESCRIPTION, TYPE_ID, PROVINCE_ID) VALUES (38, 'وادي قنا', 'وادي طبيعي مشهور بجماله', 13, 4);
INSERT INTO PLACES (PLACE_ID, PLACE_NAME, DESCRIPTION, TYPE_ID, PROVINCE_ID) VALUES (39, 'مطابخ ومحانذ عود', 'مطعم مشهور بالأكلات الشعبية', 10, 4);
INSERT INTO PLACES (PLACE_ID, PLACE_NAME, DESCRIPTION, TYPE_ID, PROVINCE_ID) VALUES (40, 'النماص', 'محافظة جبلية تتميز بالطبيعة والأجواء المعتدلة', 2, 5);
INSERT INTO PLACES (PLACE_ID, PLACE_NAME, DESCRIPTION, TYPE_ID, PROVINCE_ID) VALUES (41, 'قصور العسابلة', 'موقع تراثي يعكس العمارة القديمة', 3, 5);
INSERT INTO PLACES (PLACE_ID, PLACE_NAME, DESCRIPTION, TYPE_ID, PROVINCE_ID) VALUES (42, 'منتزه شفع آل وليد', 'منتزه طبيعي بإطلالات رائعة', 4, 5);
INSERT INTO PLACES (PLACE_ID, PLACE_NAME, DESCRIPTION, TYPE_ID, PROVINCE_ID) VALUES (43, 'قرية المقر', 'معلم سياحي مشهور بطرازه الفريد', 9, 5);
INSERT INTO PLACES (PLACE_ID, PLACE_NAME, DESCRIPTION, TYPE_ID, PROVINCE_ID) VALUES (44, 'غيل', 'منطقة طبيعية جميلة', 9, 5);
INSERT INTO PLACES (PLACE_ID, PLACE_NAME, DESCRIPTION, TYPE_ID, PROVINCE_ID) VALUES (45, 'نعمة', 'كافيه مشهور بأجوائه الجميلة وتجربته المميزة', 11, 5);
INSERT INTO PLACES (PLACE_ID, PLACE_NAME, DESCRIPTION, TYPE_ID, PROVINCE_ID) VALUES (46, 'مخيم العساف', 'مخيم وتجربة ريفية مميزة', 9, 5);
INSERT INTO PLACES (PLACE_ID, PLACE_NAME, DESCRIPTION, TYPE_ID, PROVINCE_ID) VALUES (47, 'محافظة تنومة', 'جميلة تشتهر بالطبيعة والأجواء المعتدلة', 2, 6);
INSERT INTO PLACES (PLACE_ID, PLACE_NAME, DESCRIPTION, TYPE_ID, PROVINCE_ID) VALUES (48, 'شجرة الرقاعة', 'شجرة ضخمة وعريقة في شعف آل سودة', 9, 6);
INSERT INTO PLACES (PLACE_ID, PLACE_NAME, DESCRIPTION, TYPE_ID, PROVINCE_ID) VALUES (49, 'منتزه الحيفة', 'منتزه مناسب للتنزه والاستمتاع بالطبيعة', 4, 6);
INSERT INTO PLACES (PLACE_ID, PLACE_NAME, DESCRIPTION, TYPE_ID, PROVINCE_ID) VALUES (50, 'وادي الأنصب', 'وادي طبيعي بإطلالات جميلة', 13, 6);
INSERT INTO PLACES (PLACE_ID, PLACE_NAME, DESCRIPTION, TYPE_ID, PROVINCE_ID) VALUES (51, 'منتزه المحفار', 'منتزه عائلي ومرافق ترفيهية', 4, 6);
INSERT INTO PLACES (PLACE_ID, PLACE_NAME, DESCRIPTION, TYPE_ID, PROVINCE_ID) VALUES (52, 'واجهة تنومة', 'واجهة حديثة للتنزه والأنشطة', 9, 6);
INSERT INTO PLACES (PLACE_ID, PLACE_NAME, DESCRIPTION, TYPE_ID, PROVINCE_ID) VALUES (53, 'وادي عثربين', 'جميل ومنطقة طبيعية مميزة', 13, 6);
INSERT INTO PLACES (PLACE_ID, PLACE_NAME, DESCRIPTION, TYPE_ID, PROVINCE_ID) VALUES (54, 'محافظة بللسمر', 'جبلية تشتهر بالأجواء الباردة والطبيعة', 2, 7);
INSERT INTO PLACES (PLACE_ID, PLACE_NAME, DESCRIPTION, TYPE_ID, PROVINCE_ID) VALUES (55, 'شعف الخريم', 'إطلالة جبلية رائعة ومناظر طبيعية ساحرة', 9, 7);
INSERT INTO PLACES (PLACE_ID, PLACE_NAME, DESCRIPTION, TYPE_ID, PROVINCE_ID) VALUES (56, 'غابة العرعر', 'غابة جميلة مناسبة للتنزه والاستجمام', 7, 7);
INSERT INTO PLACES (PLACE_ID, PLACE_NAME, DESCRIPTION, TYPE_ID, PROVINCE_ID) VALUES (57, 'منتزه بللسمر', 'منتزه عائلي بأجواء لطيفة', 4, 7);
INSERT INTO PLACES (PLACE_ID, PLACE_NAME, DESCRIPTION, TYPE_ID, PROVINCE_ID) VALUES (58, 'وادي بللسمر', 'وادي طبيعي وموقع هادئ', 13, 7);
INSERT INTO PLACES (PLACE_ID, PLACE_NAME, DESCRIPTION, TYPE_ID, PROVINCE_ID) VALUES (59, 'Cloud Cafe', 'كافيه بإطلالة جميلة وأجواء هادئة', 11, 7);
INSERT INTO PLACES (PLACE_ID, PLACE_NAME, DESCRIPTION, TYPE_ID, PROVINCE_ID) VALUES (60, 'مهرجان بللسمر', 'فعالية موسمية وأنشطة متنوعة', 16, 7);
INSERT INTO PLACES (PLACE_ID, PLACE_NAME, DESCRIPTION, TYPE_ID, PROVINCE_ID) VALUES (61, 'مدينة جازان', 'مدينة ساحلية تشتهر بالجزر والطبيعة البحرية', 1, 8);
INSERT INTO PLACES (PLACE_ID, PLACE_NAME, DESCRIPTION, TYPE_ID, PROVINCE_ID) VALUES (62, 'الواجهة البحرية', 'واجهة جميلة للتنزه وإطلالة على البحر', 9, 8);
INSERT INTO PLACES (PLACE_ID, PLACE_NAME, DESCRIPTION, TYPE_ID, PROVINCE_ID) VALUES (63, 'الكورنيش الشمالي', 'ممشى شهير ومكان مناسب للعائلات', 9, 8);
INSERT INTO PLACES (PLACE_ID, PLACE_NAME, DESCRIPTION, TYPE_ID, PROVINCE_ID) VALUES (64, 'القرية التراثية', 'معلم ثقافي يعكس تراث جازان', 3, 8);
INSERT INTO PLACES (PLACE_ID, PLACE_NAME, DESCRIPTION, TYPE_ID, PROVINCE_ID) VALUES (65, 'سوق السمك', 'سوق محلي مشهور بالمأكولات البحرية', 15, 8);
INSERT INTO PLACES (PLACE_ID, PLACE_NAME, DESCRIPTION, TYPE_ID, PROVINCE_ID) VALUES (66, 'ميناء جازان', 'موقع بحري وتجاري مهم', 9, 8);
INSERT INTO PLACES (PLACE_ID, PLACE_NAME, DESCRIPTION, TYPE_ID, PROVINCE_ID) VALUES (67, 'La Paz Restaurant', 'مطعم بأطباق متنوعة', 10, 8);
INSERT INTO PLACES (PLACE_ID, PLACE_NAME, DESCRIPTION, TYPE_ID, PROVINCE_ID) VALUES (68, 'شتاء جازان', 'فعالية موسمية وأنشطة متنوعة', 16, 8);
INSERT INTO PLACES (PLACE_ID, PLACE_NAME, DESCRIPTION, TYPE_ID, PROVINCE_ID) VALUES (69, 'محافظة صبيا', 'تشتهر بالطبيعة والمزارع والأجواء الهادئة', 2, 9);
INSERT INTO PLACES (PLACE_ID, PLACE_NAME, DESCRIPTION, TYPE_ID, PROVINCE_ID) VALUES (70, 'كورنيش صبيا', 'واجهة جميلة للتنزه ومناسبة للعائلات', 9, 9);
INSERT INTO PLACES (PLACE_ID, PLACE_NAME, DESCRIPTION, TYPE_ID, PROVINCE_ID) VALUES (71, 'وادي صبيا', 'وادي طبيعي ومنطقة جميلة للاستكشاف', 13, 9);
INSERT INTO PLACES (PLACE_ID, PLACE_NAME, DESCRIPTION, TYPE_ID, PROVINCE_ID) VALUES (72, 'حديقة صبيا العامة', 'حديقة خضراء مناسبة للتنزه', 4, 9);
INSERT INTO PLACES (PLACE_ID, PLACE_NAME, DESCRIPTION, TYPE_ID, PROVINCE_ID) VALUES (73, 'السوق الشعبي', 'سوق محلي يعكس تراث المنطقة', 15, 9);
INSERT INTO PLACES (PLACE_ID, PLACE_NAME, DESCRIPTION, TYPE_ID, PROVINCE_ID) VALUES (74, 'أبو عريش', 'محافظة تشتهر بالطبيعة والمواقع المحلية الجميلة', 2, 10);
INSERT INTO PLACES (PLACE_ID, PLACE_NAME, DESCRIPTION, TYPE_ID, PROVINCE_ID) VALUES (75, 'وادي أبو عريش', 'وادي طبيعي هادئ ومنطقة جميلة', 13, 10);
INSERT INTO PLACES (PLACE_ID, PLACE_NAME, DESCRIPTION, TYPE_ID, PROVINCE_ID) VALUES (76, 'حديقة أبو عريش', 'حديقة عامة مناسبة للعائلات والتنزه', 4, 10);
INSERT INTO PLACES (PLACE_ID, PLACE_NAME, DESCRIPTION, TYPE_ID, PROVINCE_ID) VALUES (77, 'حديقة الرسن الذهبي', 'حديقة جميلة مناسبة للعائلات والتنزه في أبو عريش', 4, 10);
INSERT INTO PLACES (PLACE_ID, PLACE_NAME, DESCRIPTION, TYPE_ID, PROVINCE_ID) VALUES (78, 'محافظة صامطة', 'جميلة تشتهر بالمزارع والطبيعة', 2, 11);
INSERT INTO PLACES (PLACE_ID, PLACE_NAME, DESCRIPTION, TYPE_ID, PROVINCE_ID) VALUES (79, 'وادي صامطة', 'طبيعي ومنطقة هادئة جميلة', 13, 11);
INSERT INTO PLACES (PLACE_ID, PLACE_NAME, DESCRIPTION, TYPE_ID, PROVINCE_ID) VALUES (80, 'حديقة صامطة', 'حديقة عامة مناسبة للعائلات والتنزه', 4, 11);
INSERT INTO PLACES (PLACE_ID, PLACE_NAME, DESCRIPTION, TYPE_ID, PROVINCE_ID) VALUES (81, 'محافظة فيفا', 'جبلية تشتهر بالمدرجات الزراعية والمناظر الساحرة', 2, 12);
INSERT INTO PLACES (PLACE_ID, PLACE_NAME, DESCRIPTION, TYPE_ID, PROVINCE_ID) VALUES (82, 'جبال فيفا', 'قمم جبلية رائعة واطلالات بانورامية مميزة', 5, 12);
INSERT INTO PLACES (PLACE_ID, PLACE_NAME, DESCRIPTION, TYPE_ID, PROVINCE_ID) VALUES (83, 'مدرجات فيفا', 'مناظر طبيعية خلابة ومدرجات خضراء شهيرة', 9, 12);
INSERT INTO PLACES (PLACE_ID, PLACE_NAME, DESCRIPTION, TYPE_ID, PROVINCE_ID) VALUES (84, 'مطل السحاب', 'إطلالة مرتفعة لمشاهدة الجبال والضباب', 9, 12);
INSERT INTO PLACES (PLACE_ID, PLACE_NAME, DESCRIPTION, TYPE_ID, PROVINCE_ID) VALUES (85, 'مسار جبلي في فيفا', 'تجربة مشي واستكشاف الطبيعة الجبلية', 9, 12);
INSERT INTO PLACES (PLACE_ID, PLACE_NAME, DESCRIPTION, TYPE_ID, PROVINCE_ID) VALUES (86, 'فرسان', 'محافظة سياحية تشتهر بالشواطئ والطبيعة البحرية', 2, 13);
INSERT INTO PLACES (PLACE_ID, PLACE_NAME, DESCRIPTION, TYPE_ID, PROVINCE_ID) VALUES (87, 'جزر فرسان', 'جميلة بمياه صافية وشواطئ رائعة', 8, 13);
INSERT INTO PLACES (PLACE_ID, PLACE_NAME, DESCRIPTION, TYPE_ID, PROVINCE_ID) VALUES (88, 'شاطئ القصار', 'شاطئ هادئ ورمال بيضاء جميلة', 12, 13);
INSERT INTO PLACES (PLACE_ID, PLACE_NAME, DESCRIPTION, TYPE_ID, PROVINCE_ID) VALUES (89, 'بيت الجرمل', 'معلم تاريخي مشهور في فرسان', 3, 13);
INSERT INTO PLACES (PLACE_ID, PLACE_NAME, DESCRIPTION, TYPE_ID, PROVINCE_ID) VALUES (90, 'منطقة الغوص', 'وجهة لمحبي الغوص واستكشاف البحر', 9, 13);
INSERT INTO PLACES (PLACE_ID, PLACE_NAME, DESCRIPTION, TYPE_ID, PROVINCE_ID) VALUES (91,'نجران','مدينة تاريخية تشتهر بالتراث والطبيعة الصحراوية',1,14);
INSERT INTO PLACES (PLACE_ID, PLACE_NAME, DESCRIPTION, TYPE_ID, PROVINCE_ID) VALUES (92,'الأخدود','موقع أثري وتاريخي مشهور في نجران',6,14);
INSERT INTO PLACES (PLACE_ID, PLACE_NAME, DESCRIPTION, TYPE_ID, PROVINCE_ID) VALUES (93,'قصر الإمارة التاريخي','معلم تراثي يعكس تاريخ المنطقة',3,14);
INSERT INTO PLACES (PLACE_ID, PLACE_NAME, DESCRIPTION, TYPE_ID, PROVINCE_ID) VALUES (94,'منتزه الملك فهد','منتزه واسع مناسب للعائلات',4,14);
INSERT INTO PLACES (PLACE_ID, PLACE_NAME, DESCRIPTION, TYPE_ID, PROVINCE_ID) VALUES (95,'آبار حمى','موقع أثري ونقوش قديمة',6,14);
INSERT INTO PLACES (PLACE_ID,PLACE_NAME,DESCRIPTION,TYPE_ID,PROVINCE_ID) VALUES (96,'مهرجان نجران','فعالية موسمية وأنشطة متنوعة',16,14);
INSERT INTO PLACES (PLACE_ID,PLACE_NAME,DESCRIPTION,TYPE_ID,PROVINCE_ID) VALUES (97,'حبونا','محافظة هادئة تتميز بالطبيعة والهدوء',2,15);
INSERT INTO PLACES (PLACE_ID,PLACE_NAME,DESCRIPTION,TYPE_ID,PROVINCE_ID) VALUES (98,'وادي حبونا','وادي طبيعي جميل ومناسب للتنزه',13,15);
INSERT INTO PLACES (PLACE_ID,PLACE_NAME,DESCRIPTION,TYPE_ID,PROVINCE_ID) VALUES (99,'مطل حبونا','إطلالة جميلة على الجبال والطبيعة',9,15);
INSERT INTO PLACES (PLACE_ID,PLACE_NAME,DESCRIPTION,TYPE_ID,PROVINCE_ID) VALUES (100,'شرورة','محافظة تشتهر بالمواقع الصحراوية والطبيعة المفتوحة',2,16);
INSERT INTO PLACES (PLACE_ID,PLACE_NAME,DESCRIPTION,TYPE_ID,PROVINCE_ID) VALUES (101,'واحة شرورة','موقع طبيعي جميل وسط الأجواء الصحراوية',9,16);
INSERT INTO PLACES (PLACE_ID,PLACE_NAME,DESCRIPTION,TYPE_ID,PROVINCE_ID) VALUES (102,'منتزه شرورة','منتزه مناسب للعائلات والتنزه',4,16);
INSERT INTO PLACES (PLACE_ID,PLACE_NAME,DESCRIPTION,TYPE_ID,PROVINCE_ID) VALUES (103,'الباحة','مدينة سياحية تشتهر بالأجواء المعتدلة والطبيعة الخضراء',1,17);
INSERT INTO PLACES (PLACE_ID,PLACE_NAME,DESCRIPTION,TYPE_ID,PROVINCE_ID) VALUES (104,'غابة رغدان','من أشهر معالم الباحة الطبيعية ومكان مناسب للتنزه',7,17);
INSERT INTO PLACES (PLACE_ID,PLACE_NAME,DESCRIPTION,TYPE_ID,PROVINCE_ID) VALUES (105,'منتزه الأمير حسام','منتزه جميل بإطلالات رائعة ومرافق متنوعة',4,17);
INSERT INTO PLACES (PLACE_ID,PLACE_NAME,DESCRIPTION,TYPE_ID,PROVINCE_ID) VALUES (106,'مطل الباحة','إطلالة جميلة على الجبال والطبيعة',9,17);
INSERT INTO PLACES (PLACE_ID,PLACE_NAME,DESCRIPTION,TYPE_ID,PROVINCE_ID) VALUES (107,'مزرعة البروق','مزرعة جميلة وتجربة ريفية مميزة',9,17);
INSERT INTO PLACES (PLACE_ID,PLACE_NAME,DESCRIPTION,TYPE_ID,PROVINCE_ID) VALUES (108,'أكواخ الحازم','أكواخ ريفية بإطلالات جميلة وأجواء هادئة',9,17);
INSERT INTO PLACES (PLACE_ID,PLACE_NAME,DESCRIPTION,TYPE_ID,PROVINCE_ID) VALUES (109,'وادي ضرك','طبيعي ومنطقة جميلة للاستكشاف',13,17);
INSERT INTO PLACES (PLACE_ID,PLACE_NAME,DESCRIPTION,TYPE_ID,PROVINCE_ID) VALUES (110,'بلجرشي','محافظة جميلة تشتهر بالأجواء الباردة والطبيعة',2,18);
INSERT INTO PLACES (PLACE_ID,PLACE_NAME,DESCRIPTION,TYPE_ID,PROVINCE_ID) VALUES (111,'مطل بلجرشي','إطلالة رائعة على الجبال والمناظر الطبيعية',9,18);
INSERT INTO PLACES (PLACE_ID,PLACE_NAME,DESCRIPTION,TYPE_ID,PROVINCE_ID) VALUES (112,'وادي الخيطان','وادي طبيعي جميل ومكان مناسب للتنزه',13,18);
INSERT INTO PLACES (PLACE_ID,PLACE_NAME,DESCRIPTION,TYPE_ID,PROVINCE_ID) VALUES (113,'قرية ذي عين','قرية تاريخية مشهورة بطرازها المعماري الفريد',3,20);
INSERT INTO PLACES (PLACE_ID,PLACE_NAME,DESCRIPTION,TYPE_ID,PROVINCE_ID) VALUES (114,'القرية التراثية','موقع تاريخي يجذب الزوار ويعكس تراث المنطقة',3,20);
INSERT INTO PLACES (PLACE_ID,PLACE_NAME,DESCRIPTION,TYPE_ID,PROVINCE_ID) VALUES (115,'مطل ذي عين','إطلالة جميلة على القرية والطبيعة المحيطة',9,20);

INSERT INTO LOCATION (LOCATION_ID,PLACE_ID,LATITUDE,LONGITUDE) VALUES (1,1,18.2164,42.5053);
INSERT INTO LOCATION (LOCATION_ID,PLACE_ID,LATITUDE,LONGITUDE) VALUES (2,40,17.5653,44.2289);
INSERT INTO LOCATION (LOCATION_ID,PLACE_ID,LATITUDE,LONGITUDE) VALUES (3,82,17.2621,43.1094);
INSERT INTO LOCATION (LOCATION_ID,PLACE_ID,LATITUDE,LONGITUDE) VALUES (4,27,17.8004,42.5481);
INSERT INTO LOCATION (LOCATION_ID,PLACE_ID,LATITUDE,LONGITUDE) VALUES (5,48,19.1504,42.1241);
INSERT INTO LOCATION (LOCATION_ID,PLACE_ID,LATITUDE,LONGITUDE) VALUES (6,104,20.0214,41.4918);
INSERT INTO LOCATION (LOCATION_ID,PLACE_ID,LATITUDE,LONGITUDE) VALUES (7,16,18.3038,42.7331);
INSERT INTO LOCATION (LOCATION_ID,PLACE_ID,LATITUDE,LONGITUDE) VALUES (8,30,17.7988,42.5512);
INSERT INTO LOCATION (LOCATION_ID,PLACE_ID,LATITUDE,LONGITUDE) VALUES (9,2,18.2743,42.3649);
INSERT INTO LOCATION (LOCATION_ID,PLACE_ID,LATITUDE,LONGITUDE) VALUES (10,38,17.3957,43.2488);

INSERT INTO USERS (USER_ID, NAME, EMAIL, PASSWORD, CREATED_AT, IS_GUEST) VALUES (1,'ليان','layan@test.com','123456',TO_TIMESTAMP('2026-04-11T13:06:00','YYYY-MM-DD"T"HH24:MI:SS'),0);
INSERT INTO USERS (USER_ID, NAME, EMAIL, PASSWORD, CREATED_AT, IS_GUEST) VALUES (2,'تركي','turki@test.com','123456',TO_TIMESTAMP('2026-04-11T13:06:00','YYYY-MM-DD"T"HH24:MI:SS'),0);
INSERT INTO USERS (USER_ID, NAME, EMAIL, PASSWORD, CREATED_AT, IS_GUEST) VALUES (3,'دانه','danah@test.com','123456',TO_TIMESTAMP('2026-04-11T13:06:00','YYYY-MM-DD"T"HH24:MI:SS'),0);
INSERT INTO USERS (USER_ID, NAME, EMAIL, PASSWORD, CREATED_AT, IS_GUEST) VALUES (4,'فيصل','faisal@test.com','123456',TO_TIMESTAMP('2026-04-11T13:06:00','YYYY-MM-DD"T"HH24:MI:SS'),0);
INSERT INTO USERS (USER_ID, NAME, EMAIL, PASSWORD, CREATED_AT, IS_GUEST) VALUES (5,'ضيف','guest@test.com','123456',TO_TIMESTAMP('2026-04-11T13:06:00','YYYY-MM-DD"T"HH24:MI:SS'),1);
INSERT INTO USERS (USER_ID, NAME, EMAIL, PASSWORD, CREATED_AT, IS_GUEST) VALUES (6,'نوف','nouf@test.com','123456',TO_TIMESTAMP('2026-04-11T13:07:00','YYYY-MM-DD"T"HH24:MI:SS'),0);
INSERT INTO USERS (USER_ID, NAME, EMAIL, PASSWORD, CREATED_AT, IS_GUEST) VALUES (7,'سلمان','salman@test.com','123456',TO_TIMESTAMP('2026-04-11T13:07:00','YYYY-MM-DD"T"HH24:MI:SS'),0);
INSERT INTO USERS (USER_ID, NAME, EMAIL, PASSWORD, CREATED_AT, IS_GUEST) VALUES (8,'جود','joud@test.com','123456',TO_TIMESTAMP('2026-04-11T13:07:00','YYYY-MM-DD"T"HH24:MI:SS'),0);
INSERT INTO USERS (USER_ID, NAME, EMAIL, PASSWORD, CREATED_AT, IS_GUEST) VALUES (9,'ماجد','majed@test.com','123456',TO_TIMESTAMP('2026-04-11T13:07:00','YYYY-MM-DD"T"HH24:MI:SS'),0);
INSERT INTO USERS (USER_ID, NAME, EMAIL, PASSWORD, CREATED_AT, IS_GUEST) VALUES (10,'هيا','haya@test.com','123456',TO_TIMESTAMP('2026-04-11T13:07:00','YYYY-MM-DD"T"HH24:MI:SS'),0);

INSERT INTO REVIEWS (REVIEW_ID, USER_ID, PLACE_ID, RATING, REVIEW_COMMENT, CREATED_AT) VALUES (1, 1, 2, 5, 'مكان رائع وإطلالة جميلة', TO_TIMESTAMP('2026-04-11T13:17:36','YYYY-MM-DD"T"HH24:MI:SS'));
INSERT INTO REVIEWS (REVIEW_ID, USER_ID, PLACE_ID, RATING, REVIEW_COMMENT, CREATED_AT) VALUES (2, 2, 13, 5, 'تجربة ممتعة ومنظر خرافي', TO_TIMESTAMP('2026-04-11T13:17:36','YYYY-MM-DD"T"HH24:MI:SS'));
INSERT INTO REVIEWS (REVIEW_ID, USER_ID, PLACE_ID, RATING, REVIEW_COMMENT, CREATED_AT) VALUES (3, 3, 20, 4, 'ممشى جميل ومرتب', TO_TIMESTAMP('2026-04-11T13:17:36','YYYY-MM-DD"T"HH24:MI:SS'));
INSERT INTO REVIEWS (REVIEW_ID, USER_ID, PLACE_ID, RATING, REVIEW_COMMENT, CREATED_AT) VALUES (4, 4, 28, 5, 'من أفضل المرتفعات', TO_TIMESTAMP('2026-04-11T13:17:36','YYYY-MM-DD"T"HH24:MI:SS'));
INSERT INTO REVIEWS (REVIEW_ID, USER_ID, PLACE_ID, RATING, REVIEW_COMMENT, CREATED_AT) VALUES (5, 5, 35, 4, 'مكان جميل للعائلات', TO_TIMESTAMP('2026-04-11T13:17:36','YYYY-MM-DD"T"HH24:MI:SS'));
INSERT INTO REVIEWS (REVIEW_ID, USER_ID, PLACE_ID, RATING, REVIEW_COMMENT, CREATED_AT) VALUES (6, 6, 42, 5, 'طبيعة ساحرة وأجواء رائعة', TO_TIMESTAMP('2026-04-11T13:17:36','YYYY-MM-DD"T"HH24:MI:SS'));
INSERT INTO REVIEWS (REVIEW_ID, USER_ID, PLACE_ID, RATING, REVIEW_COMMENT, CREATED_AT) VALUES (7, 7, 48, 5, 'شجرة مميزة وتستحق الزيارة', TO_TIMESTAMP('2026-04-11T13:17:36','YYYY-MM-DD"T"HH24:MI:SS'));
INSERT INTO REVIEWS (REVIEW_ID, USER_ID, PLACE_ID, RATING, REVIEW_COMMENT, CREATED_AT) VALUES (8, 8, 82, 5, 'مناظر جبال فيفا مذهلة', TO_TIMESTAMP('2026-04-11T13:17:36','YYYY-MM-DD"T"HH24:MI:SS'));
INSERT INTO REVIEWS (REVIEW_ID, USER_ID, PLACE_ID, RATING, REVIEW_COMMENT, CREATED_AT) VALUES (9, 9, 87, 5, 'جزيرة رائعة وهادئة', TO_TIMESTAMP('2026-04-11T13:17:36','YYYY-MM-DD"T"HH24:MI:SS'));
INSERT INTO REVIEWS (REVIEW_ID, USER_ID, PLACE_ID, RATING, REVIEW_COMMENT, CREATED_AT) VALUES (10, 10, 104, 5, 'غابة جميلة وأجواء منعشة', TO_TIMESTAMP('2026-04-11T13:17:36','YYYY-MM-DD"T"HH24:MI:SS'));
COMMIT;
